SID,Name,Ylat,Xlong
15244,Cobble Brook,41.7217,-73.4572
18513,Womenshenuk Brook,41.712841,-73.46587
19657,Bunnell Brook,41.786255,-72.964622
15193,Honeypot Brook,41.5396,-72.8789
15192,Honeypot Brook,41.528627,-72.890365
19141,Mill River,41.467004,-72.896607
16046,Chidsey Brook,41.7848,-72.8624
